{
    "appName": "MyServices",
    "officialWebsiteCommon": "An official website of the Commonwealth of Massachusetts.",
    "hereHow": "Here's how you know",
    "officialWebsiteMass": "Official websites use .mass.gov",
    "massGovWebsite": "A .mass.gov website belongs to an official government organization in Massachusetts.",
    "secureWebsites": "Secure websites use HTTPS certificate",
    "lockIcon": "A lock icon",
    "httpsMeans": "or https:// means you've safely connected to the official website. Share sensitive information only on official, secure websites.",
    "alerts": "ALERTS",
    "showAlerts": "SHOW ALERTS",
    "hideAlerts": "HIDE ALERTS",
    "logIn": "Log In",
    "infoText": "Log In to access the below features",
    "feature1": "Feature 1",
    "feature2": "Feature 2",
    "feature3": "Feature 3",
    "feature4": "Feature 4",
    "signup": "Sign up",
    "dontHaveAccount": " for an account with ",
    "adBrandName": "Login.mass.gov ",
    "constitution": "to access your information.",
    "commonWealthMassachusetts": " Commonwealth of Massachusetts",
    "missionStatement": "MyServices gives MassHealth members information about their health benefits, like their eligibility status, notices that we've sent, and more. In the future, MyServices will include other features that will make it quick and easy for Massachusetts residents to get benefit info. ",
    "contactUs": "Contact Us",
    "sitePolicies": "Site Policies",
    "accessibility": "Accessibility"   
}